id,name,video_url
neck_side_tilt,Neck Side Tilt,https://www.rehabhero.ca/exercise/pnf-cervical-lateral-flexion
neck_rotation_stretch,Neck Rotation Stretch,https://www.rehabhero.ca/exercise/pnf-cervical-rotation
chin_tuck,Chin Tuck,https://www.rehabhero.ca/exercise/chin-tuck
levator_scapulae_stretch,Levator Scapulae Stretch,https://www.rehabhero.ca/exercise/levator-scapulae-stretch
neck_flexion_stretch,Neck Flexion Stretch,https://www.rehabhero.ca/exercise/chin-tuck
upper_trapezius_stretch,Upper Trapezius Stretch,https://www.rehabhero.ca/exercise/upper-trapezius-stretch
sternocleidomastoid_stretch,Sternocleidomastoid (SCM) Stretch,https://www.rehabhero.ca/exercise/bilateral-sternocleidomastoid-stretch
neck_extension_stretch,Neck Extension Stretch,https://www.rehabhero.ca/exercise/pnf-cervical-lateral-flexion
occipital_release,Occipital Floor Release,https://www.rehabhero.ca/exercise/chin-tuck
neck_pnf_hold,Neck PNF Isometric Stretch,https://www.rehabhero.ca/exercise/pnf-cervical-lateral-flexion
cross_body_shoulder_stretch,Cross-Body Shoulder Stretch,https://www.rehabhero.ca/exercise/sleeper-stretch-pail
overhead_shoulder_stretch,Overhead Shoulder Stretch,https://www.rehabhero.ca/exercise/triceps-stretch
doorway_shoulder_stretch,Doorway Shoulder Stretch,https://www.rehabhero.ca/exercise/doorway-chest-stretch
sleeper_stretch,Sleeper Stretch,https://www.rehabhero.ca/exercise/sleeper-stretch-pail
shoulder_pendulum,Shoulder Pendulum (Codman Exercise),https://www.rehabhero.ca/exercise/shoulder-pendulum
eagle_arms,Eagle Arms (Garudasana Arms),https://www.rehabhero.ca/exercise/thread-the-needle
thread_the_needle,Thread the Needle,https://www.rehabhero.ca/exercise/thread-the-needle
cow_face_arms,Cow Face Arms (Gomukhasana Arms),https://www.rehabhero.ca/exercise/triceps-stretch
wall_chest_shoulder_stretch,Wall Chest and Shoulder Stretch,https://www.rehabhero.ca/exercise/doorway-chest-stretch
shoulder_band_pass_through,Resistance Band Shoulder Pass-Through,https://www.rehabhero.ca/exercise/wall-angel
shoulder_internal_rotation_wall,Wall Shoulder Internal Rotation Stretch,https://www.rehabhero.ca/exercise/shoulder-internal-rotation-wall-slide
floor_shoulder_overhead_stretch,Floor Shoulder Overhead Stretch,https://www.rehabhero.ca/exercise/floor-chest-stretch
shoulder_blade_pinch,Shoulder Blade Pinch,https://www.rehabhero.ca/exercise/wall-angel
doorway_pec_stretch,Doorway Pec Stretch,https://www.rehabhero.ca/exercise/doorway-chest-stretch
prone_chest_opener,Prone Chest Opener,https://www.rehabhero.ca/exercise/floor-chest-stretch
seated_chest_expansion,Seated Chest Expansion,https://www.rehabhero.ca/exercise/chest-opener
bridge_chest_opener,Bridge Chest Opener,https://www.rehabhero.ca/exercise/glute-bridge
supine_chest_stretch,Supine Chest Stretch,https://www.rehabhero.ca/exercise/floor-chest-stretch
pec_minor_corner_stretch,Pec Minor Corner Stretch,https://www.rehabhero.ca/exercise/doorway-chest-stretch
camel_pose,Camel Pose (Ustrasana),https://www.rehabhero.ca/exercise/tall-kneel-wall-extension
bow_pose,Bow Pose (Dhanurasana),https://www.rehabhero.ca/exercise/full-cobra
cat_cow,Cat-Cow Stretch,https://www.rehabhero.ca/exercise/cat-camel
childs_pose,Child's Pose (Balasana),https://www.rehabhero.ca/exercise/childs-pose
seated_thoracic_rotation,Seated Thoracic Rotation,https://www.rehabhero.ca/exercise/thoracic-rotations
open_book_stretch,Open Book Stretch,https://www.rehabhero.ca/exercise/thoracic-open-book
wall_angels,Wall Angels,https://www.rehabhero.ca/exercise/wall-angel
foam_roller_thoracic_extension,Foam Roller Thoracic Extension,https://www.rehabhero.ca/exercise/foam-roller-thoracic-extension
seated_upper_back_hug,Seated Upper Back Hug,https://www.rehabhero.ca/exercise/thoracic-rotations
standing_lat_stretch,Standing Lat Stretch,https://www.rehabhero.ca/exercise/doorway-side-stretch
thoracic_extension_chair,Thoracic Extension Over Chair Back,https://www.rehabhero.ca/exercise/bench-thoracic-extension
childs_pose_arm_reach,Child's Pose with Lateral Arm Reach,https://www.rehabhero.ca/exercise/childs-pose-side-stretch
knee_to_chest_stretch,Single Knee-to-Chest Stretch,https://www.rehabhero.ca/exercise/knee-to-chest-stretch
supine_spinal_twist,Supine Spinal Twist (Supta Matsyendrasana),https://www.rehabhero.ca/exercise/low-back-twist
seated_forward_fold,Seated Forward Fold (Paschimottanasana),https://www.rehabhero.ca/exercise/active-hamstring-stretch
standing_forward_fold,Standing Forward Fold (Uttanasana),https://www.rehabhero.ca/exercise/hamstring-reach-stretch
sphinx_pose,Sphinx Pose,https://www.rehabhero.ca/exercise/elbow-cobra-baby-cobra
double_knee_to_chest,Double Knee-to-Chest Stretch,https://www.rehabhero.ca/exercise/knee-to-chest-stretch
lower_back_bilateral_rotation,Lower Back Bilateral Rotation,https://www.rehabhero.ca/exercise/low-back-twist
seated_lower_back_twist,Seated Lower Back Twist,https://www.rehabhero.ca/exercise/seated-thoracic-rotation
pelvic_tilt,Supine Pelvic Tilt,https://www.rehabhero.ca/exercise/supine-pelvic-tilt
prone_press_up,Prone Press-Up (McKenzie Extension),https://www.rehabhero.ca/exercise/full-cobra
standing_lateral_bend,Standing Lateral Bend,https://www.rehabhero.ca/exercise/doorway-side-stretch
spine_decompression_hang,Doorway Hang Spine Decompression,https://www.rehabhero.ca/exercise/doorway-side-stretch
standing_side_bend,Standing Side Bend,https://www.rehabhero.ca/exercise/doorway-side-stretch
cobra_pose,Cobra Pose (Bhujangasana),https://www.rehabhero.ca/exercise/full-cobra
seated_oblique_stretch,Seated Oblique Stretch,https://www.rehabhero.ca/exercise/doorway-side-stretch
supine_lateral_stretch,Supine Lateral Stretch,https://www.rehabhero.ca/exercise/childs-pose-side-stretch
gate_pose,Gate Pose (Parighasana),https://www.rehabhero.ca/exercise/lunge-stretch
triangle_pose,Triangle Pose (Trikonasana),https://www.rehabhero.ca/exercise/doorway-side-stretch
standing_backbend,Standing Backbend,https://www.rehabhero.ca/exercise/standing-lumbar-extension
crescent_lunge_side_bend,Crescent Lunge Side Bend,https://www.rehabhero.ca/exercise/standing-lunge-stretch
bicep_wall_stretch,Bicep Wall Stretch,https://www.rehabhero.ca/exercise/biceps-stretch
seated_bicep_floor_stretch,Seated Bicep Floor Stretch,https://www.rehabhero.ca/exercise/biceps-stretch
doorway_bicep_stretch,Doorway Bicep Stretch,https://www.rehabhero.ca/exercise/biceps-stretch
reverse_prayer_hands,Reverse Prayer Hands,https://www.rehabhero.ca/exercise/wrist-extensor-stretch
behind_back_bicep_stretch,Behind-the-Back Bicep Stretch,https://www.rehabhero.ca/exercise/biceps-stretch
wrist_extension_bicep_stretch,Wrist Extension Bicep Stretch,https://www.rehabhero.ca/exercise/biceps-stretch
floor_bicep_stretch,Floor Bicep Stretch,https://www.rehabhero.ca/exercise/biceps-stretch
bicep_doorframe_stretch,Bicep Doorframe Supination Stretch,https://www.rehabhero.ca/exercise/biceps-stretch
overhead_tricep_stretch,Overhead Tricep Stretch,https://www.rehabhero.ca/exercise/triceps-stretch
seated_overhead_tricep_stretch,Seated Overhead Tricep Stretch,https://www.rehabhero.ca/exercise/triceps-stretch
cross_body_tricep_stretch,Cross-Body Tricep Stretch,https://www.rehabhero.ca/exercise/triceps-stretch
tricep_wall_fold_stretch,Tricep Wall Fold Stretch,https://www.rehabhero.ca/exercise/triceps-stretch
lying_tricep_stretch,Lying Tricep Stretch,https://www.rehabhero.ca/exercise/triceps-stretch
tricep_reach_back,Tricep Reach-Back Stretch,https://www.rehabhero.ca/exercise/triceps-stretch
eagle_arm_tricep_stretch,Eagle Arm Tricep Variation,https://www.rehabhero.ca/exercise/triceps-stretch
floor_tricep_stretch,Floor Tricep Reach Stretch,https://www.rehabhero.ca/exercise/triceps-stretch
wrist_flexor_stretch,Wrist Flexor Stretch,https://www.rehabhero.ca/exercise/common-wrist-flexor-stretch
wrist_extensor_stretch,Wrist Extensor Stretch,https://www.rehabhero.ca/exercise/wrist-extensor-stretch
prayer_hands_stretch,Prayer Hands Wrist Stretch,https://www.rehabhero.ca/exercise/common-wrist-flexor-stretch
reverse_prayer_forearm,Reverse Prayer Forearm Stretch,https://www.rehabhero.ca/exercise/wrist-extensor-stretch
forearm_wall_stretch,Forearm Wall Stretch,https://www.rehabhero.ca/exercise/common-wrist-flexor-stretch
seated_wrist_circles,Seated Wrist Circles,https://www.rehabhero.ca/exercise/quadruped-wrist-circles
finger_extension_stretch,Finger Extension Stretch,https://www.rehabhero.ca/exercise/banded-finger-extension
wrist_tendon_glide,Wrist Tendon Glide,https://www.rehabhero.ca/exercise/quadruped-wrist-circles
low_lunge_hip_flexor,Low Lunge Hip Flexor Stretch (Anjaneyasana),https://www.rehabhero.ca/exercise/lunge-stretch
standing_hip_flexor_stretch,Standing Hip Flexor Stretch,https://www.rehabhero.ca/exercise/standing-lunge-stretch
seated_figure_four_chair,Seated Figure Four Stretch,https://www.rehabhero.ca/exercise/figure-4-table-stretch
supine_figure_four,Supine Figure Four Stretch,https://www.rehabhero.ca/exercise/figure-4-stretch
pigeon_pose,Pigeon Pose (Eka Pada Rajakapotasana),https://www.rehabhero.ca/exercise/pigeon-pose
lizard_pose,Lizard Pose (Utthan Pristhasana),https://www.rehabhero.ca/exercise/spiderman-lunge-stretch
butterfly_stretch,Butterfly Stretch (Baddha Konasana),https://www.rehabhero.ca/exercise/pnf-butterfly-stretch
deep_squat_hip_stretch,Deep Squat Hip Stretch (Malasana),https://www.rehabhero.ca/exercise/deep-squat-rotations
standing_hip_circles,Standing Hip Circles,https://www.rehabhero.ca/exercise/hip-car
kneeling_hip_flexor_stretch,Kneeling Hip Flexor Stretch,https://www.rehabhero.ca/exercise/lunge-stretch
frog_pose,Frog Pose (Mandukasana),https://www.rehabhero.ca/exercise/tactical-frog
couch_stretch,Couch Stretch,https://www.rehabhero.ca/exercise/couch-stretch
hip_90_90_stretch,Hip 90-90 Stretch,https://www.rehabhero.ca/exercise/9090-stretch
happy_baby_pose,Happy Baby Pose (Ananda Balasana),https://www.rehabhero.ca/exercise/happy-baby-stretch
world_greatest_stretch,World's Greatest Stretch,https://www.rehabhero.ca/exercise/the-worlds-greatest-stretch
supine_glute_stretch,Supine Glute Stretch,https://www.rehabhero.ca/exercise/figure-4-stretch
standing_figure_four_balance,Standing Figure Four Balance Stretch,https://www.rehabhero.ca/exercise/figure-4-table-stretch
seated_glute_stretch_chair,Seated Glute Stretch in Chair,https://www.rehabhero.ca/exercise/figure-4-table-stretch
lying_glute_crossover,Lying Glute Crossover Stretch,https://www.rehabhero.ca/exercise/bent-over-cross-leg-stretch
seated_spinal_twist_glute,Seated Spinal Twist with Glute Emphasis,https://www.rehabhero.ca/exercise/low-back-twist
seated_cross_leg_glute,Seated Cross-Leg Glute Stretch,https://www.rehabhero.ca/exercise/figure-4-table-stretch
glute_foam_roller_release,Glute Foam Roller Release,https://www.rehabhero.ca/exercise/buttock-foam-rolling
bridge_glute_hold,Bridge Glute Hold,https://www.rehabhero.ca/exercise/glute-bridge
pigeon_pose_glute,Reclined Pigeon Pose Glute Stretch,https://www.rehabhero.ca/exercise/pigeon-pose
lateral_glute_side_stretch,Lateral Glute Side-Lying Stretch,https://www.rehabhero.ca/exercise/supine-tfl-stretch
standing_quad_stretch,Standing Quad Stretch,https://www.rehabhero.ca/exercise/quadriceps-stretch
prone_quad_stretch,Prone Quad Stretch,https://www.rehabhero.ca/exercise/quadriceps-stretch
kneeling_quad_stretch,Kneeling Quad Stretch,https://www.rehabhero.ca/exercise/couch-stretch
half_hero_pose,Half Hero Pose (Ardha Virasana),https://www.rehabhero.ca/exercise/quadriceps-stretch
reclined_hero_pose,Reclined Hero Pose (Supta Virasana),https://www.rehabhero.ca/exercise/quadriceps-stretch
thomas_stretch,Thomas Stretch (Hip Flexor Table Edge),https://www.rehabhero.ca/exercise/assisted-couch-stretch
standing_quad_forward_lean,Standing Quad Stretch with Forward Lean,https://www.rehabhero.ca/exercise/standing-lunge-stretch
lizard_quad_stretch,Lizard Quad Combination Stretch,https://www.rehabhero.ca/exercise/spiderman-lunge-stretch
couch_stretch_quad,Couch Stretch Quad Variation,https://www.rehabhero.ca/exercise/couch-stretch
lunge_runner_spinal_twist,Runner's Lunge with Spinal Rotation,https://www.rehabhero.ca/exercise/spiderman-lunge-stretch
standing_hamstring_stretch,Standing Hamstring Stretch,https://www.rehabhero.ca/exercise/hamstring-reach-stretch
seated_hamstring_floor,Seated Single-Leg Hamstring Stretch,https://www.rehabhero.ca/exercise/active-hamstring-stretch
supine_hamstring_stretch,Supine Hamstring Stretch,https://www.rehabhero.ca/exercise/active-hamstring-stretch
supine_hamstring_towel,Supine Hamstring Stretch with Towel,https://www.rehabhero.ca/exercise/active-hamstring-stretch
wide_leg_forward_fold,Wide-Legged Forward Fold (Prasarita Padottanasana),https://www.rehabhero.ca/exercise/pnf-butterfly-stretch
seated_straddle_stretch,Seated Straddle Stretch,https://www.rehabhero.ca/exercise/pnf-butterfly-stretch
resistance_band_hamstring,Resistance Band Hamstring Stretch,https://www.rehabhero.ca/exercise/pnf-hamstring-stretch
downward_facing_dog,Downward Facing Dog (Adho Mukha Svanasana),https://www.rehabhero.ca/exercise/active-hamstring-stretch
single_leg_forward_fold,Single-Leg Standing Forward Fold,https://www.rehabhero.ca/exercise/hamstring-reach-stretch
half_splits,Half Splits (Ardha Hanumanasana),https://www.rehabhero.ca/exercise/lunge-and-reach-stretch
wall_hamstring_stretch,Wall Hamstring Stretch (Legs Up the Wall),https://www.rehabhero.ca/exercise/pnf-hamstring-wall-slide
full_splits,Full Splits (Hanumanasana),https://www.rehabhero.ca/exercise/pnf-hamstring-stretch
quad_stretch_knee_health,Standing Quad Stretch for Knee Health,https://www.rehabhero.ca/exercise/quadriceps-stretch
seated_knee_to_chest_chair,Seated Knee-to-Chest Stretch,https://www.rehabhero.ca/exercise/knee-to-chest-stretch
supine_knee_flexion,Supine Knee Flexion Stretch,https://www.rehabhero.ca/exercise/quadriceps-stretch
prone_knee_bend,Prone Knee Bend Stretch,https://www.rehabhero.ca/exercise/quadriceps-stretch
it_band_crossover_stretch,IT Band Crossover Stretch,https://www.rehabhero.ca/exercise/supine-tfl-stretch
hamstring_wall_stretch_knees,Wall Hamstring Stretch for Knee Relief,https://www.rehabhero.ca/exercise/pnf-hamstring-wall-slide
foam_roller_it_band,Foam Roller IT Band Release,https://www.rehabhero.ca/exercise/supine-tfl-stretch
calf_stretch_knee_relief,Calf Stretch for Knee Relief,https://www.rehabhero.ca/exercise/standing-calf-stretch
standing_calf_wall_stretch,Standing Gastrocnemius Calf Stretch,https://www.rehabhero.ca/exercise/standing-calf-stretch
soleus_bent_knee_stretch,Soleus Bent-Knee Calf Stretch,https://www.rehabhero.ca/exercise/bent-knee-calf-stretch
seated_calf_stretch,Seated Calf Stretch,https://www.rehabhero.ca/exercise/wall-calf-stretch
downward_dog_calf_pedal,Downward Dog Calf Pedal,https://www.rehabhero.ca/exercise/standing-calf-stretch
step_heel_drop,Step Heel Drop Calf Stretch,https://www.rehabhero.ca/exercise/bent-knee-calf-stretch
seated_towel_calf_stretch,Seated Towel Calf Stretch,https://www.rehabhero.ca/exercise/wall-calf-stretch
resistance_band_calf_stretch,Resistance Band Calf Stretch,https://www.rehabhero.ca/exercise/banded-ankle-dorsiflexion
ankle_circles,Ankle Circles,https://www.rehabhero.ca/exercise/ankle-circles
standing_ankle_dorsiflexion,Standing Ankle Dorsiflexion Stretch,https://www.rehabhero.ca/exercise/banded-ankle-dorsiflexion
plantar_fascia_toe_stretch,Plantar Fascia Toe Stretch,https://www.rehabhero.ca/exercise/wall-calf-stretch
